{"cameraMode":{"drawMode":0,"name":"Shaded","section":"Shading Mode"},"sceneLighting":false,"audioPlay":false,"sceneViewState":{"m_AlwaysRefresh":false,"showFog":true,"showSkybox":false,"showFlares":true,"showImageEffects":true,"showParticleSystems":true,"showVisualEffectGraphs":true,"m_FxEnabled":true},"in2DMode":false,"pivot":{"x":55.64183044433594,"y":2.3763182163238527,"z":31.736087799072267},"rotation":{"x":0.1784934252500534,"y":0.46551141142845156,"z":-0.09660027176141739,"w":0.8618138432502747},"size":1.9401321411132813,"orthographic":false}