{"cameraMode":{"drawMode":0,"name":"Shaded","section":"Shading Mode"},"sceneLighting":true,"audioPlay":false,"sceneViewState":{"m_AlwaysRefresh":false,"showFog":true,"showSkybox":true,"showFlares":true,"showImageEffects":true,"showParticleSystems":true,"showVisualEffectGraphs":true,"m_FxEnabled":true},"in2DMode":false,"pivot":{"x":54.5030632019043,"y":-4.5593156814575199,"z":49.3885612487793},"rotation":{"x":0.29838594794273379,"y":-0.046297673135995868,"z":0.014532766304910183,"w":0.9534128308296204},"size":7.230371475219727,"orthographic":false}