{"cameraMode":{"drawMode":0,"name":"Shaded","section":"Shading Mode"},"sceneLighting":true,"audioPlay":false,"sceneViewState":{"m_AlwaysRefresh":false,"showFog":true,"showSkybox":true,"showFlares":true,"showImageEffects":true,"showParticleSystems":true,"showVisualEffectGraphs":true,"m_FxEnabled":true},"in2DMode":false,"pivot":{"x":53.754974365234378,"y":-4.784907341003418,"z":26.182239532470704},"rotation":{"x":-0.000792643113527447,"y":-0.9192792773246765,"z":0.3937907814979553,"w":-0.0012286616256460548},"size":7.689077854156494,"orthographic":false}