{"cameraMode":{"drawMode":0,"name":"Shaded","section":"Shading Mode"},"sceneLighting":false,"audioPlay":false,"sceneViewState":{"m_AlwaysRefresh":false,"showFog":true,"showSkybox":false,"showFlares":true,"showImageEffects":true,"showParticleSystems":true,"showVisualEffectGraphs":true,"m_FxEnabled":true},"in2DMode":false,"pivot":{"x":56.620758056640628,"y":2.3763182163238527,"z":30.882102966308595},"rotation":{"x":-0.44335371255874636,"y":0.0689871609210968,"z":-0.03424853831529617,"w":-0.8930343985557556},"size":1.9401333332061768,"orthographic":false}