{"cameraMode":{"drawMode":0,"name":"Shaded","section":"Shading Mode"},"sceneLighting":false,"audioPlay":false,"sceneViewState":{"m_AlwaysRefresh":false,"showFog":true,"showSkybox":false,"showFlares":true,"showImageEffects":true,"showParticleSystems":true,"showVisualEffectGraphs":true,"m_FxEnabled":true},"in2DMode":false,"pivot":{"x":56.611000061035159,"y":2.0236639976501467,"z":27.450000762939454},"rotation":{"x":0.2468588650226593,"y":0.5993010997772217,"z":-0.20165777206420899,"w":0.7347463965415955},"size":0.6110131144523621,"orthographic":false}