{"cameraMode":{"drawMode":0,"name":"Shaded","section":"Shading Mode"},"sceneLighting":false,"audioPlay":false,"sceneViewState":{"m_AlwaysRefresh":false,"showFog":true,"showSkybox":false,"showFlares":true,"showImageEffects":true,"showParticleSystems":true,"showVisualEffectGraphs":true,"m_FxEnabled":true},"in2DMode":false,"pivot":{"x":56.7375373840332,"y":2.9450836181640627,"z":36.33304977416992},"rotation":{"x":0.16460688412189485,"y":-0.0026832781732082369,"z":0.0007200270192697644,"w":0.9866496920585632},"size":2.1786930561065676,"orthographic":false}